noise_rate,peptide,lopo_auc,overall_mean
0.0,ATDALMTGF,0.9206730769230769,0.47872691745471546
0.0,CINGVCWTV,0.005046433157156086,0.47872691745471546
0.0,GILGFVFTL,0.0,0.47872691745471546
0.0,GLCTLVAML,0.946003002439482,0.47872691745471546
0.0,GPRLGVRAT,0.0025000000000000022,0.47872691745471546
0.0,HPVTKYIM,0.7434895833333334,0.47872691745471546
0.0,KSKRTPMGF,0.9647058823529412,0.47872691745471546
0.0,LLWNGPMAV,0.9941715708465368,0.47872691745471546
0.0,LTDEMIAQY,0.4428,0.47872691745471546
0.0,NLVPMVATV,0.4332809419787948,0.47872691745471546
0.0,NQKLIANQF,0.423469387755102,0.47872691745471546
0.0,NYNYLYRLF,1.0,0.47872691745471546
0.0,RAQAPPPSW,0.0,0.47872691745471546
0.0,SPRWYFYYL,0.12310964083175804,0.47872691745471546
0.0,TPRVTGGGAM,0.17481481481481484,0.47872691745471546
0.0,TTDPSFLGRY,0.5377057102204086,0.47872691745471546
0.0,YLQPRTFLL,0.42658755207675797,0.47872691745471546
0.05,ATDALMTGF,0.9611687812379854,0.4987015775788496
0.05,CINGVCWTV,0.004644324902268717,0.4987015775788496
0.05,GILGFVFTL,0.0,0.4987015775788496
0.05,GLCTLVAML,0.9804875524041199,0.4987015775788496
0.05,GPRLGVRAT,0.0,0.4987015775788496
0.05,HPVTKYIM,0.8292682926829268,0.4987015775788496
0.05,KSKRTPMGF,0.9423169363883993,0.4987015775788496
0.05,LLWNGPMAV,0.9907716049382717,0.4987015775788496
0.05,LTDEMIAQY,0.304070570730152,0.4987015775788496
0.05,NLVPMVATV,0.4764287001983054,0.4987015775788496
0.05,NQKLIANQF,0.5593278463648834,0.4987015775788496
0.05,NYNYLYRLF,1.0,0.4987015775788496
0.05,RAQAPPPSW,0.0,0.4987015775788496
0.05,SPRWYFYYL,0.17915089237425635,0.4987015775788496
0.05,TPRVTGGGAM,0.14693634741225461,0.4987015775788496
0.05,TTDPSFLGRY,0.6729259751237773,0.4987015775788496
0.05,YLQPRTFLL,0.43042899408284024,0.4987015775788496
0.1,ATDALMTGF,0.89,0.47912590708168024
0.1,CINGVCWTV,0.002692743764172341,0.47912590708168024
0.1,GILGFVFTL,0.0,0.47912590708168024
0.1,GLCTLVAML,0.9268010922075194,0.47912590708168024
0.1,GPRLGVRAT,0.0,0.47912590708168024
0.1,HPVTKYIM,0.7312925170068028,0.47912590708168024
0.1,KSKRTPMGF,0.9617048549911873,0.47912590708168024
0.1,LLWNGPMAV,0.9917446145124716,0.47912590708168024
0.1,LTDEMIAQY,0.33742911153119093,0.47912590708168024
0.1,NLVPMVATV,0.485228639722539,0.47912590708168024
0.1,NQKLIANQF,0.4563150746944319,0.47912590708168024
0.1,NYNYLYRLF,1.0,0.47912590708168024
0.1,RAQAPPPSW,0.0,0.47912590708168024
0.1,SPRWYFYYL,0.20064899945916714,0.47912590708168024
0.1,TPRVTGGGAM,0.12875,0.47912590708168024
0.1,TTDPSFLGRY,0.6505152596115735,0.47912590708168024
0.1,YLQPRTFLL,0.38201751288750796,0.47912590708168024
0.15,ATDALMTGF,0.9862597436913727,0.5093830610947853
0.15,CINGVCWTV,0.030644044321329646,0.5093830610947853
0.15,GILGFVFTL,0.0,0.5093830610947853
0.15,GLCTLVAML,0.93376,0.5093830610947853
0.15,GPRLGVRAT,0.0,0.5093830610947853
0.15,HPVTKYIM,0.8327664399092971,0.5093830610947853
0.15,KSKRTPMGF,0.9328000000000001,0.5093830610947853
0.15,LLWNGPMAV,0.9758610896993793,0.5093830610947853
0.15,LTDEMIAQY,0.4443783462224866,0.5093830610947853
0.15,NLVPMVATV,0.47501154201292706,0.5093830610947853
0.15,NQKLIANQF,0.5185339441899208,0.5093830610947853
0.15,NYNYLYRLF,1.0,0.5093830610947853
0.15,RAQAPPPSW,0.0,0.5093830610947853
0.15,SPRWYFYYL,0.307422648986435,0.5093830610947853
0.15,TPRVTGGGAM,0.16435185185185186,0.5093830610947853
0.15,TTDPSFLGRY,0.6197607072092668,0.5093830610947853
0.15,YLQPRTFLL,0.4379616805170822,0.5093830610947853
0.2,ATDALMTGF,0.9676246537396123,0.4907373702392446
0.2,CINGVCWTV,0.00019837333862328876,0.4907373702392446
0.2,GILGFVFTL,0.0,0.4907373702392446
0.2,GLCTLVAML,0.9158677685950414,0.4907373702392446
0.2,GPRLGVRAT,0.0,0.4907373702392446
0.2,HPVTKYIM,0.8459250446162998,0.4907373702392446
0.2,KSKRTPMGF,0.99169921875,0.4907373702392446
0.2,LLWNGPMAV,0.9977925900277008,0.4907373702392446
0.2,LTDEMIAQY,0.35125000000000006,0.4907373702392446
0.2,NLVPMVATV,0.48556406064209273,0.4907373702392446
0.2,NQKLIANQF,0.34500000000000003,0.4907373702392446
0.2,NYNYLYRLF,1.0,0.4907373702392446
0.2,RAQAPPPSW,0.0,0.4907373702392446
0.2,SPRWYFYYL,0.24540394670264798,0.4907373702392446
0.2,TPRVTGGGAM,0.16305062458908612,0.4907373702392446
0.2,TTDPSFLGRY,0.6603980435149267,0.4907373702392446
0.2,YLQPRTFLL,0.3727609695511266,0.4907373702392446
0.25,ATDALMTGF,0.9441609977324263,0.4928401470024323
0.25,CINGVCWTV,0.019503646333879826,0.4928401470024323
0.25,GILGFVFTL,0.0,0.4928401470024323
0.25,GLCTLVAML,0.9338134430727023,0.4928401470024323
0.25,GPRLGVRAT,0.0023781212841854945,0.4928401470024323
0.25,HPVTKYIM,0.7567567567567568,0.4928401470024323
0.25,KSKRTPMGF,0.9652305366591081,0.4928401470024323
0.25,LLWNGPMAV,0.9828166243983231,0.4928401470024323
0.25,LTDEMIAQY,0.34800713860797144,0.4928401470024323
0.25,NLVPMVATV,0.44464410053682535,0.4928401470024323
0.25,NQKLIANQF,0.4285714285714286,0.4928401470024323
0.25,NYNYLYRLF,1.0,0.4928401470024323
0.25,RAQAPPPSW,0.0,0.4928401470024323
0.25,SPRWYFYYL,0.28173777315296566,0.4928401470024323
0.25,TPRVTGGGAM,0.1807958477508651,0.4928401470024323
0.25,TTDPSFLGRY,0.6519515856633514,0.4928401470024323
0.25,YLQPRTFLL,0.43791449852055914,0.4928401470024323
0.3,ATDALMTGF,0.9398529739362887,0.47596153404317354
0.3,CINGVCWTV,0.0008740749373579643,0.47596153404317354
0.3,GILGFVFTL,0.0,0.47596153404317354
0.3,GLCTLVAML,0.9209881384178021,0.47596153404317354
0.3,GPRLGVRAT,0.0,0.47596153404317354
0.3,HPVTKYIM,0.6279296875,0.47596153404317354
0.3,KSKRTPMGF,0.9233057851239669,0.47596153404317354
0.3,LLWNGPMAV,0.9986224489795918,0.47596153404317354
0.3,LTDEMIAQY,0.28135813148788924,0.47596153404317354
0.3,NLVPMVATV,0.4593185313341023,0.47596153404317354
0.3,NQKLIANQF,0.6035502958579881,0.47596153404317354
0.3,NYNYLYRLF,1.0,0.47596153404317354
0.3,RAQAPPPSW,0.014444444444444442,0.47596153404317354
0.3,SPRWYFYYL,0.15082644628099173,0.47596153404317354
0.3,TPRVTGGGAM,0.14196675900277012,0.47596153404317354
0.3,TTDPSFLGRY,0.6426248699271593,0.47596153404317354
0.3,YLQPRTFLL,0.3856834915035973,0.47596153404317354
