experiment,held_out_peptide,train_neg_type,feature_type,model,auc_same_neg,auc_vs_experimental,auc_exp_std,n_seeds,n_train,n_test
itrap_lopo,ELAGIGILTV,experimental,biophysical,LR,0.5374844924469093,0.5374844924469093,0.0034837900859957032,10,5577,457
itrap_lopo,ELAGIGILTV,experimental,biophysical,RF,0.7429577464788732,0.7429577464788732,0.025926659214634277,10,5577,457
itrap_lopo,ELAGIGILTV,experimental,sequence,LR,0.6899036707290376,0.6899036707290376,0.03747883318046423,10,5577,457
itrap_lopo,ELAGIGILTV,experimental,sequence,RF,0.7473035101802525,0.7473035101802525,0.02958536549363612,10,5577,457
itrap_lopo,ELAGIGILTV,swapped,biophysical,LR,0.1729041185996148,0.33510910019703705,0.0,10,5324,2245
itrap_lopo,ELAGIGILTV,swapped,biophysical,RF,0.49531128496851895,0.2463146756184777,0.01754997006394445,10,5324,2245
itrap_lopo,ELAGIGILTV,swapped,sequence,LR,0.0015782344399323275,0.07877836970006569,0.0,10,5324,2245
itrap_lopo,ELAGIGILTV,swapped,sequence,RF,0.07762669773431033,0.13796248996570096,0.015180727819493742,10,5324,2245
itrap_lopo,GILGFVFTL,experimental,biophysical,LR,0.4875054522686811,0.4875054522686811,0.0,10,1032,7114
itrap_lopo,GILGFVFTL,experimental,biophysical,RF,0.567855993818626,0.567855993818626,0.008160467637094394,10,1032,7114
itrap_lopo,GILGFVFTL,experimental,sequence,LR,0.5104930844712268,0.5104930844712268,0.0,10,1032,7114
itrap_lopo,GILGFVFTL,experimental,sequence,RF,0.5874607142112696,0.5874607142112696,0.072934722615539,10,1032,7114
itrap_lopo,GILGFVFTL,swapped,biophysical,LR,0.16678596964075662,0.20886405210666337,0.0035103279019811067,10,2724,2245
itrap_lopo,GILGFVFTL,swapped,biophysical,RF,0.07760042042972135,0.12172638279179201,0.006141038566362929,10,2724,2245
itrap_lopo,GILGFVFTL,swapped,sequence,LR,0.03167909943690095,0.1381051467992189,0.003711061905345318,10,2724,2245
itrap_lopo,GILGFVFTL,swapped,sequence,RF,0.10132364521794142,0.12584106706384343,0.005327438963809536,10,2724,2245
itrap_lopo,GLCTLVAML,swapped,biophysical,LR,0.187415765229543,,,10,6318,834
itrap_lopo,GLCTLVAML,swapped,biophysical,RF,0.1335013715646188,,,10,6318,834
itrap_lopo,GLCTLVAML,swapped,sequence,LR,0.005650846229491228,,,10,6318,834
itrap_lopo,GLCTLVAML,swapped,sequence,RF,0.12620878836499144,,,10,6318,834
itrap_lopo,IVTDFSVIK,experimental,biophysical,LR,0.6089610325631803,0.6089610325631803,0.0053084055714281665,10,5586,436
itrap_lopo,IVTDFSVIK,experimental,biophysical,RF,0.8186462387309719,0.8186462387309719,0.026757017133726486,10,5586,436
itrap_lopo,IVTDFSVIK,experimental,sequence,LR,0.7932607517611705,0.7932607517611705,0.012642867404788406,10,5586,436
itrap_lopo,IVTDFSVIK,experimental,sequence,RF,0.8329769939405882,0.8329769939405882,0.02683816371879692,10,5586,436
itrap_lopo,IVTDFSVIK,swapped,biophysical,LR,0.22029920941854825,0.36031331592689286,5.551115123125783e-17,10,5324,2245
itrap_lopo,IVTDFSVIK,swapped,biophysical,RF,0.10815141640000787,0.18296960441401056,0.024054191769653226,10,5324,2245
itrap_lopo,IVTDFSVIK,swapped,sequence,LR,0.0049646215501454195,0.07813192768116654,1.3877787807814457e-17,10,5324,2245
itrap_lopo,IVTDFSVIK,swapped,sequence,RF,0.1250023136917265,0.20571456722006012,0.02593210604719947,10,5324,2245
