epitope,random_LR,aa_LR,trimer_LR,trimer_RF,pub_n_models,pub_min,pub_median,pub_max,pub_mean,trimer_LR_beats_n,trimer_RF_beats_n,trimer_LR_beats_best,trimer_RF_beats_best
ATDALMTGF,0.47853309481216466,0.7423971377459749,0.7859272510435301,0.8442158616577221,21.0,0.622242098986285,0.8586762075134169,0.9402206320810972,0.8301459522389754,6.0,10.0,0,0
CINGVCWTV,0.44294664894626923,0.6692614391494209,0.723371938484906,0.7644294664894628,21.0,0.413613062464401,0.7542244161761914,0.884659198784887,0.7458931170721563,9.0,12.0,0,0
GILGFVFTL,0.47142918751078144,0.8032549163360359,0.8498199499741247,0.8820025444195272,22.0,0.4807227876487839,0.8777762204588581,0.9247455580472658,0.8579981612746408,4.0,12.0,0,0
GLCTLVAML,0.4755575247378527,0.6939890710382514,0.815241470979176,0.8971348397577905,21.0,0.4458721016098065,0.9009009009009008,0.9695022891744204,0.876560401150565,1.0,10.0,0,0
GPRLGVRAT,0.5026737967914439,0.7397504456327986,0.6916221033868093,0.8172905525846702,22.0,0.5008912655971479,0.7638146167557932,0.8912655971479502,0.7424647544968401,5.0,17.0,0,0
HPVTKYIM,0.5444444444444444,0.7625,0.6638888888888889,0.7444444444444445,21.0,0.4236111111111111,0.7583333333333333,0.8527777777777777,0.7446759259259259,1.0,8.0,0,0
KSKRTPMGF,0.45794392523364486,0.5658099688473519,0.7624610591900312,0.9143302180685358,22.0,0.4373052959501557,0.849493769470405,0.9739096573208722,0.8280409232512036,4.0,18.0,0,0
LLWNGPMAV,0.43476686283386146,0.7431416930737891,0.8210955183340878,0.8660932548664554,22.0,0.4724309642372113,0.8381167949298325,0.9219556360344048,0.8253076258282234,9.0,14.0,0,0
LTDEMIAQY,0.46656,0.6627200000000001,0.68928,0.70752,22.0,0.56384,0.67296,0.7824,0.6742981818181819,13.0,14.0,0,0
NLVPMVATV,0.4615221628951607,0.6224680057632004,0.6723027375201288,0.6883210441562844,22.0,0.5004661411984066,0.687717179421985,0.804602084922451,0.6808608587784789,10.0,11.0,0,0
NQKLIANQF,0.532394366197183,0.5004694835680752,0.4366197183098592,0.4253521126760563,22.0,0.4197183098591549,0.5427230046948357,0.6535211267605635,0.5449210413999146,2.0,2.0,0,0
NYNYLYRLF,0.5520833333333333,0.9300595238095237,0.9955357142857142,1.0,22.0,0.6011904761904763,0.9665178571428572,1.0,0.9356466450216449,20.0,21.0,0,1
RAQAPPPSW,0.5160493827160493,0.8617283950617284,0.8197530864197531,0.8123456790123456,22.0,0.3037037037037037,0.8765432098765432,0.9975308641975308,0.8656004489337822,2.0,2.0,0,0
SPRWYFYYL,0.45653735632183906,0.5549568965517242,0.6472701149425287,0.7054597701149425,22.0,0.4917385057471264,0.7192887931034482,0.837823275862069,0.6963002873563219,7.0,10.0,0,0
TPRVTGGGAM,0.5570175438596491,0.5833333333333334,0.5453216374269005,0.7521929824561403,22.0,0.5453216374269007,0.8384502923976608,0.9539473684210528,0.8038609782030836,0.0,6.0,0,0
TTDPSFLGRY,0.4449316916849384,0.6022938100860178,0.6629279811097993,0.6668072187552706,22.0,0.5067465002529938,0.6600185528756957,0.8098330241187384,0.6708225363774359,12.0,12.0,0,0
YLQPRTFLL,0.46237187556194925,0.7344452436612121,0.7360636576155367,0.7977207336809925,22.0,0.4823323143319547,0.7886396331595037,0.8328313253012049,0.7704437151591439,2.0,12.0,0,0
_Average,0.4857507763459155,0.6925046684504963,0.7246178134065749,0.7815094543023906,21.764705882352942,0.48304389860680125,0.7855408695418389,0.884207377408958,0.7702259737815599,6.294117647058823,11.235294117647058,0,1
