epitope,condition,n_train,n_test,test_auc
ATDALMTGF,full,624,155,0.8810375670840787
ATDALMTGF,loop_only,624,155,0.8488372093023256
ATDALMTGF,n_term,624,155,0.6247763864042934
ATDALMTGF,c_term,624,155,0.6343172331544426
ATDALMTGF,masked,624,155,0.8601669648181276
CINGVCWTV,full,1099,275,0.7817068539965825
CINGVCWTV,loop_only,1099,275,0.7688437440668311
CINGVCWTV,n_term,1099,275,0.704718055819252
CINGVCWTV,c_term,1099,275,0.5553445984431364
CINGVCWTV,masked,1099,275,0.7662331498006456
GILGFVFTL,full,3264,812,0.8587386877828054
GILGFVFTL,loop_only,3264,812,0.8657218064740689
GILGFVFTL,n_term,3264,812,0.8121682474765055
GILGFVFTL,c_term,3264,812,0.6517142359902541
GILGFVFTL,masked,3264,812,0.8641174295161851
GLCTLVAML,full,878,220,0.8722492984788067
GLCTLVAML,loop_only,878,220,0.8441884507458278
GLCTLVAML,n_term,878,220,0.7686456948752031
GLCTLVAML,c_term,878,220,0.7531383842859253
GLCTLVAML,masked,878,220,0.8697385910500665
GPRLGVRAT,full,244,62,0.839572192513369
GPRLGVRAT,loop_only,244,62,0.7807486631016042
GPRLGVRAT,n_term,244,62,0.6729055258467023
GPRLGVRAT,c_term,244,62,0.696078431372549
GPRLGVRAT,masked,244,62,0.8270944741532977
HPVTKYIM,full,288,72,0.7902777777777779
HPVTKYIM,loop_only,288,72,0.7624999999999998
HPVTKYIM,n_term,288,72,0.4569444444444445
HPVTKYIM,c_term,288,72,0.46180555555555547
HPVTKYIM,masked,288,72,0.8083333333333333
KSKRTPMGF,full,513,129,0.9184367034834325
KSKRTPMGF,loop_only,513,129,0.879141886151232
KSKRTPMGF,n_term,513,129,0.7049702633814783
KSKRTPMGF,c_term,513,129,0.4823704333050128
KSKRTPMGF,masked,513,129,0.905267629566695
LLWNGPMAV,full,1128,282,0.866545948392938
LLWNGPMAV,loop_only,1128,282,0.8268447261204165
LLWNGPMAV,n_term,1128,282,0.6641466727025804
LLWNGPMAV,c_term,1128,282,0.7585785423268447
LLWNGPMAV,masked,1128,282,0.839791760977818
LTDEMIAQY,full,600,150,0.7121600000000001
LTDEMIAQY,loop_only,600,150,0.68096
LTDEMIAQY,n_term,600,150,0.77312
LTDEMIAQY,c_term,600,150,0.53104
LTDEMIAQY,masked,600,150,0.6804800000000001
NLVPMVATV,full,1646,411,0.6378718535469108
NLVPMVATV,loop_only,1646,411,0.6923256208153233
NLVPMVATV,n_term,1646,411,0.5649631324688532
NLVPMVATV,c_term,1646,411,0.6244808882108653
NLVPMVATV,masked,1646,411,0.6302440884820747
NQKLIANQF,full,340,86,0.48544600938967136
NQKLIANQF,loop_only,340,86,0.447887323943662
NQKLIANQF,n_term,340,86,0.42206572769953055
NQKLIANQF,c_term,340,86,0.4380281690140845
NQKLIANQF,masked,340,86,0.4694835680751173
NYNYLYRLF,full,268,68,1.0
NYNYLYRLF,loop_only,268,68,0.9947916666666666
NYNYLYRLF,n_term,268,68,0.8102678571428572
NYNYLYRLF,c_term,268,68,0.8444940476190477
NYNYLYRLF,masked,268,68,0.9717261904761905
RAQAPPPSW,full,216,54,0.817283950617284
RAQAPPPSW,loop_only,216,54,0.8320987654320988
RAQAPPPSW,n_term,216,54,0.8604938271604938
RAQAPPPSW,c_term,216,54,0.7481481481481481
RAQAPPPSW,masked,216,54,0.891358024691358
SPRWYFYYL,full,556,140,0.6591235632183909
SPRWYFYYL,loop_only,556,140,0.7297054597701149
SPRWYFYYL,n_term,556,140,0.5386135057471265
SPRWYFYYL,c_term,556,140,0.5783045977011494
SPRWYFYYL,masked,556,140,0.6438577586206897
TPRVTGGGAM,full,273,69,0.6988304093567251
TPRVTGGGAM,loop_only,273,69,0.6885964912280702
TPRVTGGGAM,n_term,273,69,0.6578947368421053
TPRVTGGGAM,c_term,273,69,0.5818713450292398
TPRVTGGGAM,masked,273,69,0.6710526315789473
TTDPSFLGRY,full,1161,291,0.6253584078259402
TTDPSFLGRY,loop_only,1161,291,0.6246837578006409
TTDPSFLGRY,n_term,1161,291,0.6390200708382526
TTDPSFLGRY,c_term,1161,291,0.5812531624219937
TTDPSFLGRY,masked,1161,291,0.638471917692697
YLQPRTFLL,full,1603,399,0.7814242042798059
YLQPRTFLL,loop_only,1603,399,0.7639363423844632
YLQPRTFLL,n_term,1603,399,0.6696187736018703
YLQPRTFLL,c_term,1603,399,0.713563208056105
YLQPRTFLL,masked,1603,399,0.7452121920517893
